"log.r","log.Cr.2","log.Cr.3","log.Cr.4","log.Cr.5","log.Cr.6","log.Cr.7","log.Cr.8","log.Cr.9","log.Cr.10","log.Cr.11","log.Cr.12","log.Cr.13","log.Cr.14","log.Cr.15","log.Cr.16","log.Cr.17","log.Cr.18","log.Cr.19","log.Cr.20"
-12,-9.4833824077726,-17.6316337835684,-25.084410480104,-32.06079672472,-38.8146175364996,-45.4706916818541,-52.0790758532455,-58.6612238253192,-65.2276101379357,-71.7839725178843,-78.3337288057886,-84.8790336668125,-91.4212967104428,-97.9614624044387,-104.500173368816,-111.037871247289,-117.57486159203,-124.111356768032,-130.647504852157
-11.8787878787879,-9.42643679158417,-17.5778849071456,-25.0530048357244,-32.0479386007051,-38.810100255272,-45.469183476074,-52.0785788088801,-58.6610599080889,-65.227555775587,-71.7839543591798,-78.3337226958969,-84.8790315969952,-91.4212960049863,-97.9614621627165,-104.50017328561,-111.037871218535,-117.57486158206,-124.111356764566,-130.647504850948
-11.7575757575758,-9.37754326289969,-17.5314184548092,-25.0248265667292,-32.0352340700264,-38.8049354416972,-45.4671256284751,-52.0777579356112,-58.6607310347503,-65.227423500828,-71.7839009897654,-78.3337011067217,-84.8790228442145,-91.4212924494594,-97.9614607159001,-104.500172695966,-111.037870977901,-117.57486148374,-124.111356724351,-130.647504834485
-11.6363636363636,-9.33372833565353,-17.4901507062928,-24.9997957439671,-32.0241694500804,-38.8006560157398,-45.4655409457852,-52.0771789734143,-58.6605202711519,-65.2273467349887,-71.7838729499058,-78.3336908196204,-84.8790190494155,-91.4212910408818,-97.9614601895584,-104.500172497925,-111.037870902865,-117.574861455112,-124.111356713355,-130.647504830233
-11.5151515151515,-9.27637757977389,-17.428089862013,-24.9582277591102,-32.0041686308685,-38.7920780505656,-45.4618822423679,-52.0755808679583,-58.6598052425065,-65.2270210423604,-71.7837227962437,-78.3336210480455,-84.8789864645163,-91.4212757736623,-97.9614530214959,-104.50016912804,-111.037869317284,-117.574860708691,-124.111356361866,-130.64750466469
-11.3939393939394,-9.22849973306518,-17.3744085879019,-24.9146536962759,-31.9748704517329,-38.7733794478568,-45.4500606659411,-52.0681654114394,-58.6552018820927,-65.2241936605318,-71.7820024358178,-78.3325822713457,-84.87836301761,-91.4209033417586,-97.9612313350331,-104.500037531503,-111.037791362244,-117.574814603244,-124.11132912666,-130.647488591484
-11.2727272727273,-9.16579949893945,-17.3015281060597,-24.8596455832169,-31.9450106914745,-38.7593900829042,-45.4437543715776,-52.0653236461507,-58.6539102632611,-65.2236013783435,-71.7817288782956,-78.3324552318377,-84.8783037819842,-91.4208756397409,-97.961218352088,-104.500031437423,-111.03778849857,-117.574813256525,-124.111328492987,-130.647488293214
-11.1515151515152,-9.10693112085516,-17.2257354529372,-24.7951174469532,-31.9046835889124,-38.7373094832093,-45.4319035237119,-52.0588486262864,-58.6502937699659,-65.2215469140723,-71.7805483980422,-78.331771958956,-84.8779064475433,-91.4206438814422,-97.9610828960489,-104.499952154688,-111.037742046238,-117.57478601856,-124.111312511969,-130.647478912353
-11.030303030303,-9.04045598228344,-17.1487423287086,-24.7322642612275,-31.8670732748162,-38.7184456632269,-45.4230870528693,-52.0548167245468,-58.6484578082272,-65.2207099798387,-71.7801659443102,-78.3315967364955,-84.8778259731757,-91.420606839068,-97.9610658101365,-104.499944258642,-111.037738390683,-117.574784323393,-124.111311724685,-130.647478546204
-10.9090909090909,-8.97801015594542,-17.0678201512343,-24.6595490498716,-31.8193913914038,-38.6925597961767,-45.4101302374554,-52.0484959735918,-58.6453832663587,-65.2192061021321,-71.7794241789062,-78.3312276243212,-84.8776407461871,-91.4205131769758,-97.9610181288506,-104.499919842921,-111.037725825524,-117.574777829286,-124.111308356155,-130.647476793591
-10.7878787878788,-8.90077958859623,-16.9647134841705,-24.565689203824,-31.7587711641431,-38.6612568013861,-45.3955620152018,-52.0419279348947,-58.6424181020908,-65.2178491122699,-71.7787928565954,-78.3309293200336,-84.8774978988637,-91.4204440063291,-97.9609843241704,-104.499903194325,-111.037717572351,-117.57477371468,-124.111306294511,-130.647475755924
-10.6666666666667,-8.82283676187762,-16.8375301643394,-24.4044265367506,-31.5874694697943,-38.4970350680832,-45.2451712456491,-51.9069728156586,-58.5228460469076,-65.1130332354651,-71.6877909817896,-78.2525891902623,-84.8105492602901,-91.3635827559633,-97.9129389405512,-104.459480121327,-111.003827683882,-117.54644415024,-124.087682083996,-130.627814927745
-10.5454545454545,-8.68095669803783,-16.4623482660645,-23.5220261629435,-30.0281410573773,-36.2808053964738,-42.4330120666015,-48.5364525805634,-54.6087337302972,-60.6572953521944,-66.6863682176542,-72.6990270384167,-78.6978195677786,-84.6849586042738,-90.662378462757,-96.6317547441186,-102.594519565385,-108.551880752796,-114.504845235588,-120.454244557475
-10.4242424242424,-8.562277545178,-16.3150572177139,-23.4244392167972,-29.9879015364358,-36.2672585248782,-42.4286989173058,-48.5350922242305,-54.6083039150757,-60.6571590755365,-66.6863248747121,-72.6990132163044,-78.6978151488295,-84.6849571878321,-90.6623780074239,-96.6317545972763,-102.594519517862,-108.551880737358,-114.504845230553,-120.454244555826
-10.3030303030303,-8.43974559276105,-16.131451249434,-23.2688680024552,-29.9027344736099,-36.2289822092367,-42.4120259625259,-48.5275977260957,-54.6047846740017,-60.6554439370574,-66.6854672749099,-72.698577970502,-78.6975927474112,-84.684843380613,-90.6623198718587,-96.6317250027689,-102.594504515903,-108.551873166053,-114.50484142571,-120.454242651356
-10.1818181818182,-8.35106646777068,-16.0033057300492,-23.1505036921302,-29.8230268227884,-36.1819337000571,-42.3844576896241,-48.5110388862587,-54.5946379360741,-60.6491626180155,-66.6815660262225,-72.6961563084422,-78.6960931416644,-84.683917641998,-90.6617502190955,-96.6313755067919,-102.594290647836,-108.551742578026,-114.504761829259,-120.454194202672
-10.0606060606061,-8.2646209897266,-15.8737115527598,-23.0240083120167,-29.7351838439296,-36.1313202228215,-42.3564148096565,-48.4950354464554,-54.5850934887462,-60.6432536228761,-66.6778106299026,-72.6937295931964,-78.6945095531179,-84.6828787227824,-90.6610669228464,-96.6309257610275,-102.593994710011,-108.551548021646,-114.504634079544,-120.45411043458
-9.93939393939394,-8.16292959943903,-15.7234968810043,-22.8727887251383,-29.6222253198816,-36.0604660606255,-42.3140551443722,-48.469475610277,-54.5694232731716,-60.633582591038,-66.6718567904121,-72.6900927440543,-78.6923101537145,-84.681562236395,-90.6602864169068,-96.6304668990797,-102.593726866751,-108.551392604527,-114.504544334175,-120.454058812616
-9.81818181818182,-8.02876564116473,-15.4162810319459,-22.272727933143,-28.6389770590776,-34.7129607680656,-40.6596526029821,-46.553405220501,-52.4223861798536,-58.2777959159173,-64.1247146810713,-69.9657918644751,-75.802576434431,-81.6360540651382,-87.4668926951818,-93.2955677643114,-99.122431686991,-104.947754818151,-110.771750721605,-116.59459231878
-9.6969696969697,-7.9290953283135,-15.2644907410379,-22.1324350008069,-28.5474629222644,-34.6596292230964,-40.6263380200474,-46.530103541144,-52.4046669885856,-58.2636718550998,-64.1131813580582,-69.9562551829821,-75.794633972351,-81.6294081000178,-87.4613119811681,-93.2908680650656,-99.1184641676219,-104.944398206366,-110.768905588805,-116.592176730124
-9.57575757575758,-7.81833841558121,-15.0747469617334,-21.9294061608126,-28.396441017375,-34.5688929040821,-40.5745454319552,-46.4990911888331,-52.3843338897974,-58.2489653006226,-64.1015959345926,-69.9465170582029,-75.7860723367797,-81.6216570726126,-87.4541656683191,-93.2842073854581,-99.1122183650986,-104.93852381608,-110.763374573752,-116.58696964265
-9.45454545454546,-7.69341184778727,-14.8245961265718,-21.5300015062035,-27.8452840646688,-33.8980431957951,-39.8188654430774,-45.6807317022282,-51.5155139914823,-57.3365017505844,-63.1495136527684,-68.9573333541298,-74.76143121893,-80.5626595224751,-86.3615530848482,-92.1584701691456,-97.9536640861618,-103.747322346173,-109.539589408149,-115.33058054448
-9.33333333333333,-7.58191531689371,-14.6425220322224,-21.331835460395,-27.6776526872058,-33.7696728903924,-39.718189781917,-45.5965397165037,-51.441170535942,-57.2685495870865,-63.0861671405286,-68.8976237521867,-74.7047882450378,-80.5087145363475,-86.3100462379413,-92.1092052858374,-97.9064855531882,-103.702102374642,-109.496220382048,-115.288970017666
-9.21212121212121,-7.46554739456328,-14.432078658396,-21.0725646188639,-27.4247915644177,-33.551292886532,-39.533325387078,-45.4349127520146,-51.2938335050038,-57.1297396855541,-62.9525514330813,-68.7673695579891,-74.5769245822715,-80.3827509424395,-86.1857556237265,-91.9865021591273,-97.7853580835413,-103.582574640994,-109.378331558471,-115.172763092228
-9.09090909090909,-7.35111915396554,-14.2311695404599,-20.805711284486,-27.1148922587891,-33.211300324763,-39.1645334214944,-45.033556807753,-50.8557304807481,-56.6515857718393,-62.4318709251974,-68.2022208345169,-73.9656630217234,-79.7238776344433,-85.4778267301231,-91.2280747501775,-96.9749569675022,-102.718671366835,-108.459330772445,-114.196993644419
-8.96969696969697,-7.22642225228046,-13.999226598954,-20.4730095893093,-26.6864155431793,-32.6897082841526,-38.5495315008407,-44.322898968383,-50.046298530442,-55.7399195091589,-61.4143754933127,-67.0752688127132,-72.7256722668111,-78.3673828680606,-84.0015451704281,-89.6289633772284,-95.250259761391,-100.865955916747,-106.476514425199,-112.082359845791
-8.84848484848485,-7.10377598920626,-13.7762675574028,-20.1913981319603,-26.3984092057537,-32.4332367977802,-38.3365084001768,-44.1479750161823,-49.8988731504109,-55.6103092659935,-61.2954452825295,-66.9622517682549,-72.61557490017,-78.2584382862142,-83.8928066564684,-89.5200226747294,-95.1410559187104,-100.756645775412,-106.367384394568,-111.97376549416
-8.72727272727273,-6.99043337313893,-13.5589515432304,-19.8824608660318,-26.0153803183095,-31.993862345259,-37.853405846478,-43.6273208764163,-49.3423415403011,-55.0174286923907,-60.6650989858632,-66.293370795494,-71.9073735756348,-77.5104449703089,-83.1048194761382,-88.6920467039181,-94.273243449899,-99.8492464606541,-105.420706190918,-110.988145293399
-8.60606060606061,-6.87293532347267,-13.3414275509882,-19.5870853894549,-25.6662565866129,-31.6108589378722,-37.4481950796158,-43.2038795881519,-48.9000140868495,-54.5538006410828,-60.1776588134527,-65.780177442223,-71.3671909658773,-76.9426602431907,-82.509301953566,-88.0690107737312,-93.6231349880986,-99.1726551211205,-104.718300179835,-110.260624077981
-8.48484848484848,-6.75839487852452,-13.1209879561151,-19.2689983153109,-25.2622370235472,-31.1343602606736,-36.9112465317946,-42.6149278693348,-48.2636454631056,-53.8716379920143,-59.4494884249196,-65.0048284184053,-70.5430870062073,-76.0681199613442,-81.5826821893454,-87.0887627198526,-92.5878161644928,-98.0809213345423,-103.568890171678,-109.052343142367
-8.36363636363636,-6.63540930832745,-12.8898421866062,-18.9405918914242,-24.8510605664429,-30.6555557962383,-36.3776004645493,-42.0353318764868,-47.6431175643408,-53.2122002331553,-58.7512058656757,-64.2666580036762,-69.7634597969013,-75.2453009860992,-80.714976720952,-86.1746259481129,-91.6259051020513,-97.0701132019922,-102.5082817867,-107.941239870592
-8.24242424242424,-6.51683482031475,-12.6649681539386,-18.6183651768408,-24.439050654532,-30.1602961549122,-35.8041475879147,-41.386759386398,-46.9203156047759,-52.4139887993239,-57.8746281575066,-63.3073271965006,-68.7158873725502,-74.1031809134415,-79.4714246671949,-84.8223816222851,-90.1575063944858,-95.4780481967358,-100.785121716347,-106.079753813395
-8.12121212121212,-6.39848672751343,-12.4357146772933,-18.2850902905156,-24.0095282039058,-29.6413498095088,-35.2006030618975,-40.7011483745093,-46.1531159284487,-51.5641364827222,-56.9401025825379,-62.2856989077791,-67.6047790592418,-72.9006229551682,-78.1761009509265,-83.4337698201382,-88.6759237925808,-93.9046197621707,-99.1216905131918,-104.328754631127
-8,-6.27917511237959,-12.2028230020966,-17.9445607576273,-23.567570069254,-29.1038642816174,-34.5729419715717,-39.9879838361883,-45.3583909480018,-50.6910864252098,-55.9913227677222,-61.2632307157898,-66.5101950629597,-71.7351017556249,-76.9404897144094,-82.1286361916732,-87.3015998631074,-92.4612403678373,-97.6092273074057,-102.747046625258
-7.87878787878788,-6.15813700164902,-11.9677009731814,-17.6002968949389,-23.1181787767163,-28.5526171714509,-33.9223596420347,-39.2398192555757,-44.5136831864888,-49.7502840289424,-54.954448613094,-60.130057468888,-65.2804063539613,-70.4084223336072,-75.5167762486426,-80.6079280726767,-85.6841352906693,-90.7474464391547,-95.7996936946653,-100.842491380415
-7.75757575757576,-6.04008617572744,-11.7362922005623,-17.2596936550421,-22.6730592722625,-28.0079730491727,-33.2833953809865,-38.5119229851514,-43.7024034059179,-48.8612724199637,-53.9933548054103,-59.1023848479614,-64.1913529046115,-69.2627345164968,-74.3186386282984,-79.360900930954,-84.3911412850077,-89.4107988258718,-94.4211541323431,-99.4233445617091
-7.63636363636364,-5.91715648183113,-11.4946741269033,-16.9019007313079,-22.201580144975,-27.4254964979774,-32.5930260572119,-37.7172555744261,-42.8074726578464,-47.8704315658574,-52.9111244543875,-57.9332985154448,-62.9398145038871,-67.9328969284074,-72.9143084738043,-77.8854714912631,-82.8475527795263,-87.801523100372,-92.7481994143339,-97.6882753506053
-7.51515151515151,-5.79947026844972,-11.2640190333624,-16.560680904948,-21.7520082605071,-26.8697287751585,-31.9330278497666,-36.9547412149559,-41.9439312768526,-46.9071912209897,-51.8494190102931,-56.7743207368478,-61.68475133635,-66.5829490675906,-71.4706984410568,-76.3494444850469,-81.2203737606472,-86.0844725426137,-90.9425692169798,-95.7953656794282
-7.39393939393939,-5.6789522900142,-11.0291467420256,-16.2159454859396,-21.3009753506206,-26.3150376986187,-31.2765756113001,-36.1978710192707,-41.087587060703,-45.9520309495642,-50.7958937955324,-55.6227302354334,-60.4352838351817,-65.2357116301573,-70.0257402147364,-74.8067749332359,-79.5799768925086,-84.3463178764382,-89.1066200462812,-93.8615851177167
-7.27272727272727,-5.55930670640939,-10.7956347971075,-15.8720402116686,-20.8497543150274,-25.759173704195,-30.6183773133656,-35.4393401156828,-40.2304701909988,-44.9978591247393,-49.746009761093,-54.4783073081123,-59.1973399896876,-63.905121625619,-68.6032473843722,-73.2930033359131,-77.9754439237401,-82.6514471104635,-87.3217539506056,-91.9869972738872
-7.15151515151515,-5.4403143420519,-10.5604007939233,-15.5228578307977,-20.388809153295,-25.1883311965534,-29.9390427949966,-34.6524130560021,-39.3363701306557,-43.9965884440572,-48.6372287031555,-53.2614084440751,-57.8715165921215,-62.469427957206,-67.056650426937,-71.6344261110603,-76.2038008406682,-80.7656719388545,-85.3208211285067,-89.8699373376077
-7.03030303030303,-5.31975308934998,-10.32349696419,-15.1727486085576,-19.9279535491584,-24.6185720660994,-29.2616695405889,-33.8682441680058,-38.4458453358187,-42.9998537268443,-47.5342063748271,-52.0518522227616,-56.5550547802783,-61.0455980034562,-65.5249273142897,-69.9942460885688,-74.4545813353057,-78.9068280820696,-83.3517791449108,-87.7901449941692
-6.90909090909091,-5.20012606855108,-10.0893884050323,-14.8271470148362,-19.47221599459,-24.0529447804003,-28.5856807617898,-33.0810138742767,-37.5463179882093,-41.9869544374942,-46.4069328466603,-50.8093203849555,-55.1965144780138,-59.5704308889237,-63.9326350445354,-68.2844339481894,-72.6269404278811,-76.9611179828744,-81.2878121109823,-85.6077723056546
-6.78787878787879,-5.08190334717191,-9.8567473828383,-14.4821001784771,-19.0158059074673,-23.4854792567466,-27.9070038285084,-32.290772507944,-36.6441719309657,-40.9727087582939,-45.2805993282031,-49.5711260947196,-53.8468773466096,-58.1099184919797,-62.3619179701021,-66.6042408935085,-70.838018989309,-75.0642029174643,-79.2836014398614,-83.4969107814406
-6.66666666666667,-4.9654812831679,-9.62812392855572,-14.1432135322954,-18.567504191679,-22.9281208601992,-27.240769884392,-31.5158501068501,-35.7608607515716,-39.9814677311124,-44.1820493419042,-48.3660262172029,-52.5360892073931,-56.6943686571304,-60.8425637115273,-64.9820416297873,-69.1139138331765,-73.2390938516733,-77.3583412945463,-81.4722951347073
-6.54545454545454,-4.84728041438799,-9.39358183802855,-13.7936824024426,-18.1036644267329,-22.3502409361631,-26.5489432247407,-30.7101598362374,-34.841474722092,-38.9486780412301,-43.0362752790008,-47.107797756425,-51.1660231255002,-55.2131441826638,-59.2509008928366,-63.2806833944218,-67.3036116351889,-71.3205964020456,-75.3323858072499,-79.3396005942885
-6.42424242424242,-4.72982853581915,-9.16271342054208,-13.4506493041887,-17.6487907404173,-21.7836136361512,-25.8706653279413,-29.9204223852221,-33.9405585502028,-37.936932164122,-41.914091372464,-45.8755881404898,-49.8242041531006,-53.762124584193,-57.6910739002478,-61.6124214843831,-65.5272630042106,-69.4364825834455,-73.3408000731625,-77.2408069410451
-6.3030303030303,-4.61168053431236,-8.92902145270071,-13.1022656269037,-17.1858894918456,-21.2061812283225,-25.178689321858,-29.1139204128822,-33.0195598363853,-36.9014578801301,-40.7641451795864,-44.6111556126098,-48.4452570567709,-52.2686267156281,-56.0829865501188,-59.889707695633,-63.6898904512169,-67.4844252266176,-71.2740388603685,-75.0593298351053
-6.18181818181818,-4.49495538979089,-8.69817696649674,-12.7585048903619,-16.7298283883458,-20.6383311905406,-24.4995404043228,-28.3238942893911,-32.1189613866211,-35.8904595020546,-39.642799473398,-43.3794230328464,-47.1030373812964,-50.8157878111348,-54.5193876609025,-58.2152167488814,-61.9043959751482,-65.5878438713898,-69.266319540755,-72.9404553880625
-6.06060606060606,-4.37700412711348,-8.46498259755736,-12.4116552821065,-16.2702225142733,-20.0666002687766,-23.8161760016012,-27.5292333884509,-31.2131520066928,-34.8734509359948,-38.5143594042635,-42.1391708611744,-45.7504830914712,-49.3503693507156,-52.9405032912446,-56.5222511675308,-60.0967403079781,-63.6649102312949,-67.2275510506491,-70.7853325661759
-5.93939393939394,-4.2585462764306,-8.23119252660828,-12.064041238391,-15.8097410490503,-19.4939378722007,-23.1317987818967,-26.7333672151645,-30.3057680567627,-33.854275893127,-37.3829062217773,-40.8947805245614,-44.3923692441873,-47.8776605825663,-51.3522803770148,-54.8175781945194,-58.2746895909705,-61.7245814203311,-65.1680850780535,-68.60592117226
-5.81818181818182,-4.14077056876117,-7.99926559812345,-11.7196782997589,-15.3543280216912,-18.9288326036241,-22.4583179904421,-25.9527042849757,-29.4189321938274,-32.8620679123757,-36.2859213729802,-39.6934262629734,-43.0868895124044,-46.4681618787698,-49.8387572662593,-53.199937164075,-56.5527707216229,-59.8981775978911,-63.2369586024716,-66.5698177232151
-5.6969696969697,-4.02350276411727,-7.76764393184508,-11.3753247293341,-14.8986106305808,-18.3631893615683,-21.7843013787168,-25.171936551376,-28.5330514911664,-31.8726873586042,-35.1946008283526,-38.5016521866098,-41.7960595371769,-45.079572653964,-48.3535953003115,-51.6192728424107,-54.8775556668712,-58.1292453367132,-61.3750282645002,-64.6155003043266
-5.57575757575758,-3.90672197034424,-7.53738023681174,-11.0333180550574,-14.4460112559779,-17.8010998794727,-21.1139681933791,-24.3947862760387,-27.6506756207902,-30.8868109595889,-34.1070459561278,-37.3143000772951,-40.5108139900442,-43.6983262863825,-46.878199741921,-50.0515134283154,-53.2191308217691,-56.3817505940108,-59.5399446988594,-62.6941870419904
-5.45454545454545,-3.79079475052023,-7.30889176119259,-10.6933919086669,-13.9949659926291,-17.2390480070138,-20.4411009465027,-23.6114855890284,-26.7575383060379,-29.8846299653664,-32.996773202103,-36.0970048095517,-39.1876440069385,-42.2704751287078,-45.3468804587347,-48.4179383180856,-51.4844961194731,-54.5472250538538,-57.6066611717521,-60.6632363386213
-5.33333333333333,-3.6748564212477,-7.08051369054067,-10.353345840556,-13.5425804048229,-16.6730607174851,-19.7601979688198,-22.8145635790298,-25.8437859677096,-28.8535122783827,-31.8479751402969,-34.8303669993369,-37.8031057189864,-40.768029810558,-43.72654385766,-46.679727158059,-49.6284148199773,-52.5732582098781,-55.5147699739285,-58.4533575794183
-5.21212121212121,-3.55929661725093,-6.8534754084348,-10.0155683458774,-13.0928499279432,-16.1094236641848,-19.0807214030853,-22.0176752913494,-24.9283477440346,-27.8187627868278,-30.693430333547,-33.5557232757222,-36.4081632563518,-39.252638802152,-42.0905702626563,-44.9230330062253,-47.7508485024318,-50.5746511901388,-53.394937369183,-56.212100887766
-5.09090909090909,-3.44384561385424,-6.62657181596358,-9.67787102866828,-12.643087376258,-15.5457089680473,-18.4013360406657,-21.2213733579374,-24.0143725592038,-26.786739987141,-29.5432359746648,-32.2873713449353,-35.0217248651921,-37.7481906303105,-40.4681651991579,-43.1826858914273,-45.8925313654998,-48.5982940362548,-51.300431928181,-53.999305712639
-4.96969696969697,-3.33049408252207,-6.40304256808369,-9.3443920120212,-12.1985269625849,-14.9887011043755,-17.7308860126012,-20.4370382788899,-23.1162019075526,-25.7751297490845,-28.4187833221532,-31.0507633269392,-33.6736651604881,-36.2893569270563,-38.8991876940117,-41.5041389542492,-44.1049327334886,-46.7021079066484,-49.2960737668852,-51.8871475481775
-4.84848484848485,-3.21836156338977,-6.18128446900186,-9.01278158392941,-11.7559477880659,-14.4341037257813,-17.0637186639165,-19.6573195787796,-22.2244140715669,-24.7720630770503,-27.3053990158648,-29.8280954791802,-32.3427596330641,-34.851237392888,-37.3548391213093,-39.8545011980176,-42.3508994141764,-44.8445276898929,-47.3357524538874,-49.8248501836859
-4.72727272727273,-3.10597437759101,-5.95874081215709,-8.67970862670868,-11.3111825514387,-13.8765805985457,-16.3928553908194,-18.8730651827999,-21.3271348000766,-23.7623925519628,-26.1841132435818,-28.5960282135722,-31.0007528378168,-33.4001161194224,-35.7954012459411,-38.1875152646511,-40.5771063718559,-42.9646441257073,-45.3504740672961,-47.7348549189115
-4.60606060606061,-2.9944711684887,-5.7376144918401,-8.34880347441154,-10.8699257839146,-13.3244484652793,-15.7295138676692,-18.0983682893848,-20.441074533029,-22.7650453599204,-25.0755989320967,-27.3764832709601,-29.6703152057013,-31.9589176503906,-34.2435647893188,-36.5251542777009,-38.8043257467248,-41.0815414758879,-43.3571410696979,-45.631378518282
-4.48484848484848,-2.88332199232945,-5.51791229302417,-8.02190918798564,-10.4369653756236,-12.7862932031932,-15.0867078180666,-17.3511373238643,-19.5894016949289,-21.8087625325355,-24.0144623565681,-26.2102238483175,-28.3986670980018,-30.5816320635259,-32.7604149698125,-34.9359358708723,-37.1088550161686,-39.2796527547815,-41.4486841296313,-43.6162161588422
-4.36363636363636,-2.77376214653022,-5.30167049232122,-7.70152678592842,-10.0151765346723,-12.2655129001107,-14.4686657920615,-16.6368068687114,-18.7791281055059,-20.9024591304063,-23.011789825339,-25.1107219468317,-27.2018388267114,-29.2869916159033,-31.3675117146278,-33.4443639164018,-35.5182547968853,-37.5897086179111,-39.6591202198946,-41.7267918468765
-4.24242424242424,-2.66410596545503,-5.08612564313973,-7.38366851624751,-9.59878667114601,-11.7539376231863,-13.8643985264214,-15.941402880878,-17.9933371283571,-20.0264408617913,-22.0453234113454,-24.0533714408075,-26.0530687417207,-28.0462406894003,-30.0342362944962,-32.0180610707349,-33.9984726999453,-35.9760493729486,-37.9512384493215,-39.9243911098417
-4.12121212121212,-2.55377307791675,-4.87002588563511,-7.06622140371863,-9.18438727627773,-11.24646233985,-13.2669392361645,-15.2562224601203,-17.2219591529209,-19.1697964593465,-21.1039037189738,-23.0273594211039,-24.942441968123,-26.8508463393777,-28.7538433765605,-30.6523955220359,-32.5472402563985,-34.4389500154675,-36.3279751962064,-38.2146750950646
-4,-2.44401916654218,-4.65583745257763,-6.75274076438406,-8.77649852554824,-10.7484643302068,-12.6824330323203,-14.5881345339863,-16.4726251354484,-18.341062601882,-20.1972237691059,-22.0438773288111,-23.8830582766906,-25.7162697580624,-27.5446302924154,-29.3689802462508,-31.1899583571705,-33.0080565479699,-34.8236591594085,-36.6370710691287
-3.87878787878788,-2.33314410591031,-4.44077565465641,-6.43920746427724,-8.36931078692954,-10.2515570388306,-12.0989787064147,-13.9207034519449,-15.723338406264,-17.5117168299223,-19.2893825870287,-21.0589338971021,-22.8222759455103,-24.580807859741,-26.3355604926946,-28.0872971988106,-29.8365870487423,-31.583857773136,-33.3294339556184,-35.0735645731816
-3.75757575757576,-2.22292696391067,-4.22662119079169,-6.12627958346207,-7.96179024824156,-9.75259945021538,-11.5108017828632,-13.2447691225498,-14.9605598141769,-16.6626416714184,-18.3543326197426,-20.0381003184683,-21.7157794382822,-23.3887338491481,-25.0579785088301,-26.7242707234385,-28.3881779934474,-30.0501281047263,-31.7104459138088,-33.3693802701529
-3.63636363636364,-2.1143862877687,-4.01283114446996,-5.81033202681351,-7.5467793564692,-9.24117482306537,-10.9049247610109,-12.5456825144757,-14.1688788877305,-15.7784889269241,-17.3774703107714,-18.9680406067909,-20.5518678226026,-22.1302088969076,-23.7040132179359,-25.2740006845021,-26.8407204959176,-28.4045951988048,-29.9659534937791,-31.525054543748
-3.51515151515152,-2.01005004532318,-3.80472164565543,-5.50007742995916,-7.13716321433817,-8.73516201575744,-10.3051389855363,-11.8542301579443,-13.3873440482589,-14.9079988786214,-16.4187815168077,-17.9216222449022,-19.4179735441701,-20.9089344766401,-22.395340999791,-23.8778329728817,-25.3569042555749,-26.8329401792744,-28.3062454936062,-29.7770651273113
-3.39393939393939,-1.90518110387798,-3.59386834978884,-5.1845355235107,-6.71998694326549,-8.21981887273816,-9.69490345404124,-11.1519940246814,-12.5955943718488,-14.0288568276794,-15.4540603470988,-16.8728870941785,-18.2865953409656,-19.696134863442,-21.1022277064314,-22.5054264384526,-23.9061569010432,-25.3047498700044,-26.7014646166449,-28.0965064860951
-3.27272727272727,-1.79452124306489,-3.37290508372216,-4.85582694424401,-6.28696648043865,-7.6858227471765,-9.06289172937005,-10.4245160472306,-11.7748155987822,-13.1166010397316,-14.4518574109737,-15.7820220524396,-17.1081552153801,-18.4310504853982,-19.7513091759146,-21.0693919335693,-22.3856552948729,-23.7003779828118,-25.0137800459998,-26.3260369214335
-3.15151515151515,-1.67895165302762,-3.14352853972766,-4.51571596958582,-5.83898980397853,-7.13228772175571,-8.40565928047044,-9.66513408237386,-10.914594659916,-12.1566527475136,-13.393118290597,-14.6252735067307,-15.8540427969693,-17.0801025408709,-18.3039541968685,-19.5259740708946,-20.7464477961372,-21.9655945643889,-23.1835843652505,-24.4005503859061
-3.03030303030303,-1.56280938176681,-2.91318985118171,-4.17388996463623,-5.38780094930217,-6.57315618170431,-7.73951594537182,-8.89259654031359,-10.0360680057615,-11.1723840755473,-12.3032289361425,-13.4297815450691,-14.5528811426435,-15.6731346160413,-16.7909877849721,-17.9067735194424,-19.0207446312262,-20.1330965925539,-21.2439833736338,-22.3535285788825
-2.90909090909091,-1.44690487528307,-2.68497257237004,-3.83633837214032,-4.94299046216851,-6.02244106673668,-7.08375995756582,-8.13234016725325,-9.17163710560442,-10.2039583752879,-11.2308851561975,-12.2535210397373,-13.2726482435046,-14.2888293919473,-15.3024753860779,-16.313891350293,-17.3233080669258,-18.3309036545068,-19.3368186175521,-20.3411663580849
-2.78787878787879,-1.32608271723737,-2.45183998599057,-3.49666447474644,-4.50049422057785,-5.4795363847155,-6.44198905550711,-7.39266366547652,-8.33464285465518,-9.27000775839887,-10.2002103461676,-11.1262864111128,-12.0489873067945,-12.9688658756188,-13.8863344825415,-14.8017050920424,-15.7152173430387,-16.6270584039705,-17.5373771102056,-18.4462940839851
-2.66666666666667,-1.20838514889609,-2.22452579689314,-3.16565388035241,-4.07006841001784,-4.9528592083096,-5.82139106069688,-6.67984539925867,-7.53084382334729,-8.3761444443263,-9.2169829522551,-10.0542572799732,-10.8886360446466,-11.7206265624616,-12.5506197462981,-13.3789208930326,-14.2057713873921,-15.0313643144759,-15.8558558622409,-16.6793737494639
-2.54545454545454,-1.0992906089782,-2.0116957396116,-2.85215512699639,-3.65799823127111,-4.44373579046882,-5.21625548218985,-5.97932252954551,-6.73520878063542,-7.48539226306337,-8.23089399288279,-8.97245401921938,-9.71062990111273,-10.4458551601058,-11.1784757958224,-11.9087740923666,-12.6369846910397,-13.363305758013,-14.0879069344992,-14.8109351186661
-2.42424242424242,-0.990511379570816,-1.80029251941172,-2.54080308125318,-3.2480988378351,-3.93617620570264,-4.61159547248762,-5.27784576189604,-5.93695422448183,-6.59018694545981,-7.2383870226062,-7.88214911726678,-8.52191470090556,-9.15802668101024,-9.79076216369147,-10.4203528732351,-11.0469982838446,-11.6708742741257,-12.2921389388444,-12.9109365488473
-2.3030303030303,-0.886256970547593,-1.60006322323588,-2.24884528521151,-2.8668736963576,-3.46735337913242,-4.05643176658822,-4.63735428609596,-5.21199491082233,-5.78152172216124,-6.34671586809467,-6.90813402381169,-7.46619524588987,-8.02122958582966,-8.57350657964186,-9.12325272140859,-9.67066265653989,-10.2159066440825,-10.7591357116183,-11.3004853284079
-2.18181818181818,-0.786698388968338,-1.41194707423324,-1.97653769236244,-2.5119927680671,-3.03053068285679,-3.53796093294766,-4.03743075831446,-4.5308044676671,-5.01927250815937,-5.5036492799659,-5.98452733804095,-6.46236058347852,-6.93751093521988,-7.41027566967673,-7.88090423959909,-8.34960918718987,-8.81657361813831,-9.28195658468264,-9.74589713421717
-2.06060606060606,-0.694958605865491,-1.24203504381962,-1.73331123579329,-2.1969928167917,-2.64415116171635,-3.08025820098576,-3.50842269380259,-3.93056551956887,-4.34794940476989,-4.76144977519092,-5.17170285705397,-5.5791901481274,-5.98428834324316,-6.38729994636469,-6.78847280719989,-7.18801312976423,-7.58609450832001,-7.9828644553303,-8.37844928122327
-1.93939393939394,-0.599287601441843,-1.0651636711668,-1.48139192452662,-1.8725480321525,-2.24809560143561,-2.6127920256632,-2.96945838571076,-3.31992760163331,-3.66545978423307,-4.00695797618766,-4.34509175680732,-4.68037220217462,-5.01319914071367,-5.34389191566244,-5.67271002124618,-5.99986735524207,-6.32554234239952,-6.64988531598186,-6.97302402950678
-1.81818181818182,-0.507681964186706,-0.897063252269087,-1.24345937491628,-1.56788346779948,-1.87809550458118,-2.17795745154392,-2.46981539268761,-2.75525806299386,-3.03542711023072,-3.31117405343623,-3.58315178475101,-3.85187244354834,-4.11774575232909,-4.38110517110448,-4.64222615311068,-4.90133915366407,-5.15863908979782,-5.41429235891756,-5.66844215004327
-1.6969696969697,-0.434485271728038,-0.764738376564578,-1.05782963214105,-1.33205555133149,-1.593938843547,-1.84661334788025,-2.09195626687804,-2.33124916491105,-2.56543217883747,-2.79522412079006,-3.02118969190256,-3.24378177594036,-3.46337000523343,-3.68026084718325,-3.89471206558575,-4.10694329682689,-4.31714388251042,-4.52547873913738,-4.73209281044228
-1.57575757575758,-0.364249446619898,-0.63867676219596,-0.882162542024653,-1.11053975319174,-1.32928807683857,-1.54093551910485,-1.74694808675509,-1.94831434300814,-2.14576393333137,-2.33986428390715,-2.53107037585078,-2.71975399541351,-2.90622285070875,-3.09073405812012,-3.27350414856175,-3.45471673131933,-3.63452848255478,-3.81307388678729,-3.99046902643367
-1.45454545454546,-0.303310889183738,-0.529896232142876,-0.73049058698544,-0.918606062900479,-1.09881128779783,-1.27314269573,-1.44273466290705,-1.60832466016121,-1.77044384677636,-1.92950118529111,-2.08582529854857,-2.2396875080314,-2.3913157467188,-2.54090371322699,-2.68861735846374,-2.83459975840738,-2.97897493149484,-3.12185091426659,-3.26332228370647
-1.33333333333333,-0.249979208048354,-0.435316280305775,-0.599000137114828,-0.752488792096013,-0.899585449450969,-1.04194157367559,-1.18045196416508,-1.31568089819172,-1.44802229109766,-1.57777137193509,-1.7051610684282,-1.83038220463222,-1.95359551132551,-2.07493919840455,-2.19453398844421,-2.31248662780604,-2.42889244272262,-2.5438372688987,-2.65739895163866
-1.21212121212121,-0.201509550038404,-0.350101612312986,-0.480905018322015,-0.603462092585728,-0.720890367807424,-0.834500694528095,-0.944990552848311,-1.05280062478529,-1.15824233897422,-1.26155234786735,-1.3629195200951,-1.46249991450696,-1.56042581415099,-1.6568115348492,-1.75175735213034,-1.84535226715983,-1.93767602311218,-2.02880061896082,-2.11879147516639
-1.09090909090909,-0.158624792543511,-0.275222153521246,-0.376889065139351,-0.471540530919794,-0.561820868367077,-0.648801374232538,-0.733017726214803,-0.814792121004266,-0.894346886006807,-0.971850432506413,-1.0474384494496,-1.12122486190796,-1.19330805652688,-1.26377469933255,-1.33270222954596,-1.40016057753147,-1.46621340328688,-1.53091902479737,-1.59433113756575
-0.969696969696969,-0.120863971084102,-0.210585184244298,-0.288066875789153,-0.359558023205082,-0.427340706134857,-0.492364285821897,-0.555087967031837,-0.615770584448833,-0.674579194257709,-0.731633763451114,-0.787027447586985,-0.840836723339004,-0.893126925851794,-0.943955521131522,-0.993374169902733,-1.04143009920961,-1.08816705262478,-1.13362597066814,-1.17784549124638
-0.848484848484848,-0.0853276356038452,-0.150195655135048,-0.205678595427956,-0.256133458734554,-0.303429295370849,-0.348441888102198,-0.391621903650358,-0.433224611996076,-0.473408943270802,-0.512283014708762,-0.549926383459137,-0.586401578389464,-0.621760412896475,-0.656047620260167,-0.689303045509194,-0.721563021867831,-0.752861266111611,-0.783229478539895,-0.812697754970857
-0.727272727272727,-0.0522145156194266,-0.0938564172578032,-0.129654995233218,-0.161831800926549,-0.191540624072451,-0.21942536811969,-0.245869598513469,-0.271115901372414,-0.295326394044684,-0.318615044432276,-0.341065766421984,-0.362742992759722,-0.383698094666033,-0.403973416116421,-0.423604887568299,-0.442623765134496,-0.461057814874925,-0.478932135405578,-0.496269739088258
-0.606060606060606,-0.0257575742473022,-0.047726527358099,-0.0672078190643993,-0.0848800387962033,-0.101164347999579,-0.11634007209422,-0.130601697944119,-0.144090026195578,-0.156910351628072,-0.169143609775214,-0.18085349992421,-0.192091203681073,-0.202898609771255,-0.213310577475357,-0.223356561387067,-0.233061799854485,-0.242448198101408,-0.251534993309956,-0.260339261323246
-0.484848484848484,-0.00820617220700422,-0.0155505638451575,-0.0223285714358026,-0.0286552580775633,-0.0346064600803626,-0.0402375434942783,-0.0455911201299697,-0.0507009744396877,-0.0555944223670876,-0.0602938835001841,-0.0648179934841137,-0.0691824193139852,-0.0734004704063564,-0.0774835638631112,-0.0814415830280243,-0.0852831565975831,-0.0890158778217311,-0.0926464780656301,-0.0961809653060564
-0.363636363636363,-0.00116706982715828,-0.00214753206053705,-0.00306556265730955,-0.00393991922620605,-0.004780510893374,-0.00559317733569271,-0.00638176988913038,-0.00714908601294743,-0.00789730794843017,-0.0086282216594009,-0.00934333492723837,-0.0100439468501027,-0.0107311923884751,-0.0114060730943131,-0.012069479558704,-0.0127222085158446,-0.013364976280805,-0.0139984295503197,-0.0146231542393045
-0.242424242424242,-0.000206667869357358,-0.000314508350397053,-0.000412284688292126,-0.000502487006685451,-0.000586946031111617,-0.000667013081969477,-0.000743690140901873,-0.000817723982699698,-0.000889674414056115,-0.00095996383142822,-0.00102891328326186,-0.00109676876847432,-0.00116372046017173,-0.00122991679450221,-0.00129547482598125,-0.00136048786299264,-0.0014250311178459,-0.0014891659042477,-0.00155294276946268
-0.121212121212121,-0.000101994926401969,-0.000118076435689392,-0.000133649472705414,-0.000148751571234554,-0.000163417387549738,-0.000177678923076449,-0.000191565729792843,-0.000205105099704013,-0.000218322239625017,-0.000231240432411727,-0.000243881185690321,-0.000256264369054892,-0.000268408340627522,-0.000280330063805873,-0.000292045214959426,-0.00030356828277648,-0.000314912659909613,-0.000326090727517084,-0.00033711393325132
0,-8.53642921684455e-05,-8.53642921684455e-05,-8.53642921684455e-05,-8.53642921684455e-05,-8.53642921684455e-05,-8.53642921684455e-05,-8.53642921684455e-05,-8.53642921684455e-05,-8.53642921684455e-05,-8.53642921684455e-05,-8.53642921684455e-05,-8.53642921684455e-05,-8.53642921684455e-05,-8.53642921684455e-05,-8.53642921684455e-05,-8.53642921684455e-05,-8.53642921684455e-05,-8.53642921684455e-05,-8.53642921684455e-05
